SMILES,Free energy of activation (kcal/mol)
CC(=O)c2nnc(c1ccc(OC)cc1)nn2,13.18898416194523
c1ccccc1c2nnc(F)nn2,12.936725544011406
c1cc(C(=O)OC)ccc1c2nnc(c1cnccc1)nn2,13.905599439990777
c1cc(OC)ccc1c2nnc(c1ncccc1)nn2,14.32791299699463
c1(NC)ccccc1c2nnc(CC)nn2,16.23114779396917
c1ncncc1c2nnc(c1ccccc1)nn2,13.748722190030158
c1cc(N(=O)=O)ccc1c2nnc(c1ccc(NC(=O)C)cc1)nn2,14.27143718699454
CC(=O)Nc2nnc(F)nn2,12.88213226100656
CNc2nnc(c1ncccn1)nn2,19.481016905039425
NC(=O)c2nncnn2,10.971994864978107
c1c(O)cccc1c2nnc(c1ncncc1)nn2,12.510019424018642
c1cc([O-])ccc1c2nnc(c1ccc(C(F)(F)F)cc1)nn2,18.441862001023477
c1cc(OC)ccc1c2nnc(Br)nn2,15.232153466208526
c1cc(N(=O)=O)ccc1c2nnc(c1cnccc1)nn2,13.584942341015624
c1cc(N)ccc1c2nnc(c1cocc1)nn2,17.294775548923333
n1cncnc1c2nnc(c1ccncc1)nn2,11.251236370057825
FC(F)(F)c2nnc(c1ncccc1)nn2,9.949155195063646
O=N(=O)c2nnc(C#C)nn2,7.5169303109978864
COC(=C)c2nnc(F)nn2,11.905100748047785
c1cc(NC(=O)C)ccc1c2nnc(C#C)nn2,14.695005762066565
Nc2nnc(c1cncnc1)nn2,20.40157260799811
c1sccc1c2nnc(c1ncncc1)nn2,13.118075645052917
COc2nnc(c1cnccc1)nn2,15.955043833952873
C#Cc2nnc(I)nn2,14.181075891008662
c1cc(C(=O)N)ccc1c2nnc(c1cncnc1)nn2,13.529721549012365
c1occc1c2nnc(OC)nn2,16.967843360035364
s1cccc1c2nnc(N(C)C)nn2,22.243311522985234
c1cc(C(=O)N)ccc1c2nnc(c1ccc(N)cc1)nn2,16.285113568046942
c1ncncc1c2nnc(c1cncnc1)nn2,12.803066126920825
CC(=O)c2nnc(SC)nn2,14.408234149005859
c1cc(C(=O)[O-])ccc1c2nnc(c1ccncc1)nn2,13.81963070699381
COC(=O)c2nnc(c1ccc(O)cc1)nn2,12.183087234987992
c1cc(C(=O)[O-])ccc1c2nnc(c1ccc(C(=O)[O-])cc1)nn2,14.683083091096666
c1cc(C(F)(F)F)ccc1c2nnc(N(C)C)nn2,21.72498908900976
CC(=O)Nc2nnc(c1ccc(C(=O)OC)cc1)nn2,13.739309554982581
Ic2nnc(Br)nn2,14.328540506207066
c1ccccc1/C=C/c2nnc(c1ncccn1)nn2,14.337325631970867
CNc2nnc(c1cnccc1)nn2,20.550292241050666
NC(=O)c2nnc(I)nn2,12.022444930965538
Fc2nnc(F)nn2,12.481781519018597
c1cc(C(=O)O)ccc1c2nnc(c1c(O)cccc1)nn2,13.987175609927496
o1cccc1c2nnc(c1ccncc1)nn2,14.186095962995987
c1cc(C(=O)N)ccc1c2nnc(c1ccc(OC)cc1)nn2,15.247213682027825
c1ccncc1c2nnc(c1ccccc1)nn2,14.386898843059724
CC(C)(C)c2nnc(N)nn2,25.94749715001421
CSc2nnc(N(C)C)nn2,22.718335835998687
O=N(=O)c2nnc(c1ccc(O)cc1)nn2,9.648578384037796
CC(=C)c2nnc(c1ccc(O)cc1)nn2,16.028462386981527
o1cccc1c2nnc(N(C)C)nn2,21.400566935972776
Nc2nnc(c1ncccn1)nn2,19.883877682949713
c1cc(N(=O)=O)ccc1c2nnc(C(F)(F)F)nn2,10.491322971121594
c1cc(NC(=O)C)ccc1c2nnc(F)nn2,13.94011243497498
c1cc(C(=O)O)ccc1c2nnc(N)nn2,21.465827872093364
s1cccc1c2nnc(OC)nn2,17.07702992597371
c1cc(NC(=O)C)ccc1c2nnc(c1c(O)cccc1)nn2,14.794779692957338
CC(=O)Nc2nnc(I)nn2,14.848745466963766
c1(NC)ccccc1c2nnc(C)nn2,17.11781801101341
n1cncnc1c2nnc(c1cncnc1)nn2,11.26629658609114
c1cc(C(=O)O)ccc1c2nnc(F)nn2,12.846364247954188
c1ccccc1C#Cc2nnc(c1ccc(O)cc1)nn2,15.670154748030093
FC(F)(F)c2nnc(CC)nn2,12.666269164980847
COC(=C)c2nnc(c1ncccc1)nn2,11.997972080027326
c1ncncc1c2nnc(F)nn2,12.324276759988221
c1cc(C(=O)[O-])ccc1c2nnc(N)nn2,21.96658005404186
NC(=O)c2nnc(C(OC)=C)nn2,9.947900176995475
c1(NC)ccccc1c2nnc(NC)nn2,21.38989928307105
FCc2nnc(CF)nn2,12.717724902993613
C=Cc2nnc(CC)nn2,16.386142516970217
c1cc([O-])ccc1c2nnc(Br)nn2,18.55481362088098
CC(=O)Nc2nnc(C(=O)OC)nn2,11.83042717709364
c1cc(C(=O)N)ccc1c2nnc(c1ncccn1)nn2,12.501861806967899
c1cc(C(F)(F)F)ccc1c2nnc(c1occc1)nn2,14.526833349991781
c1cc(OC)ccc1c2nnc(I)nn2,15.968849032060698
CN(C)c2nnc(Cl)nn2,20.361412032028166
c1sccc1c2nnc(C=C)nn2,16.04415011194192
CC(=O)Nc2nnc(c1cscc1)nn2,14.50989060696322
FC(F)c2nnc(F)nn2,11.018430531003547
c1c(O)cccc1c2nnc(c1cncnc1)nn2,13.701659015006301
c1cc(N(=O)=O)ccc1c2nnc(Br)nn2,13.21659455787552
c1cc(N(=O)=O)ccc1c2nnc(C#C)nn2,12.91288020200027
COC(=C)c2nnc(c1ccc(O)cc1)nn2,13.752487244020651
c1cc(C(F)(F)F)ccc1c2nnc(c1ccccc1)nn2,14.053691564044918
NC(=O)c2nnc(C(F)F)nn2,9.11456822503059
CC(=O)c2nncnn2,11.03537327403211
c1cc(C(=O)[O-])ccc1c2nnc(I)nn2,15.059588491002156
CC(=C)c2nnc(Br)nn2,14.269554660213311
FC(F)c2nnc(c1cc(O)ccc1)nn2,12.234542973000758
CC(=C)c2nnc(C(C)C)nn2,16.262523244032636
c1cc(C(F)(F)F)ccc1c2nnc(C#C)nn2,13.326408633026304
c1ccccc1/C=C/c2nnc(/C=C/c1ccccc1)nn2,17.64555307996512
c1cc(C(=O)[O-])ccc1c2nnc(c1ccc(N)cc1)nn2,16.755745318071483
CNc2nnc(c1ccncc1)nn2,20.361412032028166
c1cc(O)ccc1c2nnc(c1ncncn1)nn2,13.344606394051699
c1(NC)ccccc1c2nnc(C(C)(C)C)nn2,20.285483443005848
NC(=O)c2nnc(C(=O)OC)nn2,7.823154703009479
s1cccc1c2nnc(c1ncccn1)nn2,13.73679951906026
COC(=C)c2nnc(/C=C/c1ccccc1)nn2,14.4138817299916
O=N(=O)c2nnc(C)nn2,9.847498736963606
c1sccc1c2nncnn2,14.369328591032746
C#Cc2nnc(N)nn2,20.93934782096014
c1cc(C(=O)N)ccc1c2nnc(c1cscc1)nn2,14.541266057026682
c1cc(C(=O)N)ccc1c2nnc(Br)nn2,13.823395760841624
c1ccccc1/C=C/c2nnc(CC)nn2,16.91136754996393
CC(=C)c2nnc(C(F)(F)F)nn2,11.67480494505851
COc2nnc(c1cc(O)ccc1)nn2,16.33907934198203
c1cnccc1c2nnc(Cl)nn2,12.878367207016067
o1cccc1c2nnc(CC)nn2,15.685842472990485
c1cc(C(=O)OC)ccc1c2nnc(c1cncnc1)nn2,13.284993038988189
c1ccccc1/C=C/c2nnc(c1ccc(O)cc1)nn2,16.655343877968274
o1cccc1c2nnc(C(=O)OC)nn2,11.825407104963634
c1cc([O-])ccc1c2nnc(N(C)C)nn2,24.3931573569792
C=Cc2nnc(c1c(O)cccc1)nn2,15.301179456034253
o1cccc1c2nnc(C(F)F)nn2,12.681956890012579
c1cc(N(=O)=O)ccc1c2nnc(c1ccc(O)cc1)nn2,14.804192328004913
c1cc(C(=O)N)ccc1c2nnc(c1ccc(C(F)(F)F)cc1)nn2,13.561724508002904
COC(=C)c2nnc(SC)nn2,15.306199528021578
FC(F)c2nnc(c1ncccc1)nn2,11.04729594500201
c1ccccc1C#Cc2nnc(c1c(O)cccc1)nn2,14.50236049905357
c1ccccc1/C=C/c2nnc(C#C)nn2,15.668272220963507
CN(C)c2nnc(c1ncccc1)nn2,20.318113910994803
FC(F)c2nnc(c1ccccc1)nn2,12.358162246045348
O=N(=O)c2nnc(c1cnccc1)nn2,8.231663061905508
C#Cc2nncnn2,12.88526980599864
c1occc1c2nnc(c1cncnc1)nn2,14.408861658075613
c1sccc1c2nnc(c1cscc1)nn2,15.523317642044123
CSc2nnc(c1ncccn1)nn2,15.21019065097862
CN(C)c2nnc(c1ccncc1)nn2,21.186586367013646
O=N(=O)c2nnc(Br)nn2,7.708320555942709
Nc2nnc(c1ccccc1)nn2,21.205411637037457
CSc2nnc(Cl)nn2,15.630621680987225
c1cc(C(=O)OC)ccc1c2nnc(c1ccccc1)nn2,14.386271333989969
COC(=C)c2nnc(C#Cc1ccccc1)nn2,13.386021988089812
c1sccc1c2nnc(C(F)F)nn2,12.735922663947667
c1c(O)cccc1c2nnc(c1ncccc1)nn2,13.104897956014849
c1cc(C(=O)OC)ccc1c2nnc(c1ncccn1)nn2,12.678191836022085
c1(NC)ccccc1c2nnc(c1ccc(C(=O)O)cc1)nn2,15.077158742957796
O=N(=O)c2nnc(C(OC)=C)nn2,7.112814514948088
CC(=O)Nc2nnc(c1cnccc1)nn2,13.91124702097652
C=Cc2nnc(c1ccc(O)cc1)nn2,16.361669666067673
c1cc(C(=O)O)ccc1c2nnc(/C=C/c1ccccc1)nn2,15.719100450049195
C#Cc2nnc(c1ncccc1)nn2,12.76165053295405
c1cc(C(=O)N)ccc1c2nnc(N)nn2,21.502223394001476
c1cc(C(=O)[O-])ccc1c2nnc(C(F)(F)F)nn2,11.635899386942718
CC(=O)Nc2nnc(c1ccc(N(=O)=O)cc1)nn2,13.61318024601567
c1cc([O-])ccc1c2nnc(C)nn2,19.94098100201956
Brc2nnc(F)nn2,12.73404013702376
c1cc(NC(=O)C)ccc1c2nnc(N(C)C)nn2,21.987915359987994
O=N(=O)c2nnc(c1cscc1)nn2,9.002244113957484
c1cc(C(=O)N)ccc1c2nnc(c1ccccc1)nn2,14.203666215022967
c1ccncc1c2nnc(c1ncccc1)nn2,13.01014409696872
FC(F)(F)c2nnc(CF)nn2,10.6651429639681
Nc2nnc(c1cnccc1)nn2,21.62647017597314
c1(NC)ccccc1c2nnc(c1cscc1)nn2,15.701530198022217
c1cc(OC)ccc1c2nnc(c1ccc(N(=O)=O)cc1)nn2,14.779091967925606
c1ccccc1c2nnc(CC)nn2,15.550928037974414
c1(NC)ccccc1c2nnc(SC)nn2,17.436592582993317
CC(=O)Nc2nnc(Br)nn2,13.80645301809842
c1cc(N(=O)=O)ccc1c2nnc(c1ncncc1)nn2,11.606406464017182
FCc2nnc(F)nn2,12.410245492985188
c1occc1c2nnc(C)nn2,16.681071746974656
C#Cc2nnc(c1ncccn1)nn2,12.270310986053131
c1cc(C(=O)[O-])ccc1c2nnc(c1ncccn1)nn2,12.927940417962246
COC(=C)c2nnc(I)nn2,13.450027906070892
c1cc(N)ccc1c2nnc(N(C)C)nn2,22.981889616046672
c1(O)ccccc1c2nnc(c1cncnc1)nn2,13.605022629036267
c1ccncc1c2nnc(C)nn2,15.727885576027015
c1cc([O-])ccc1c2nnc(c1cocc1)nn2,19.642914226916034
CC(=O)c2nnc(c1c(O)cccc1)nn2,12.204422541005465
FC(F)c2nnc(c1ncncc1)nn2,10.049556635024176
c1sccc1c2nnc(NC)nn2,21.056064495057825
FC(F)c2nnc(I)nn2,12.724627502047525
c1cc(C(F)(F)F)ccc1c2nnc(c1cncnc1)nn2,13.329546178018383
c1cc(C(=O)[O-])ccc1c2nnc(c1ccc(C(=O)O)cc1)nn2,14.135895242908713
c1cncnc1c2nnc(c1cnccc1)nn2,12.168654527953091
c1cc(N(=O)=O)ccc1c2nnc(C(OC)=C)nn2,12.276586075965948
s1cccc1c2nnc(CF)nn2,14.194881088973807
c1ccccc1C#Cc2nnc(c1cnccc1)nn2,14.211196322932615
s1cccc1c2nnc(c1sccc1)nn2,16.097488377092613
CC(C)(C)c2nnc(C(C)(C)C)nn2,24.636630849006544
c1cc(NC(=O)C)ccc1c2nnc(c1occc1)nn2,15.40911100397577
c1cc(C(=O)N)ccc1c2nnc(c1sccc1)nn2,15.069628634976807
c1ccccc1/C=C/c2nnc(F)nn2,14.619704682042663
c1cccnc1c2nnc(c1ccccc1)nn2,13.247970008010324
CN(C)c2nnc(C)nn2,22.60412919803734
c1c(O)cccc1c2nnc(CC)nn2,15.788126440017601
c1cc(N(=O)=O)ccc1c2nnc(c1ccncc1)nn2,12.996338899003575
c1cc(C(=O)O)ccc1c2nnc(c1cocc1)nn2,14.869453264054163
c1(O)ccccc1c2nnc(c1ncccc1)nn2,13.330801196015214
n1cccnc1c2nnc(I)nn2,13.362176645935998
c1cc(C(=O)OC)ccc1c2nnc(CF)nn2,12.98567124595917
c1cc(OC)ccc1c2nnc(Cl)nn2,14.733283811112601
c1cc(C(=O)[O-])ccc1c2nnc(NC)nn2,21.086812436051535
CSc2nnc(C(F)(F)F)nn2,13.71797424896511
c1cc(N(=O)=O)ccc1c2nnc(C(=O)OC)nn2,10.293657635907257
COC(=C)c2nnc(C(F)F)nn2,10.437357197043827
c1cc(C(=O)[O-])ccc1c2nnc(SC)nn2,16.99859130095773
COC(=C)c2nnc(c1cc(O)ccc1)nn2,13.146941059051379
c1cc(C(=O)OC)ccc1c2nnc(c1cocc1)nn2,14.989307482965579
c1cc(C(=O)O)ccc1c2nnc(c1ccc(N(=O)=O)cc1)nn2,13.179571527040334
c1cc(C(=O)N)ccc1c2nnc(N(C)C)nn2,21.38676173800763
c1cccnc1c2nncnn2,12.827538978001717
c1cc(O)ccc1c2nnc(F)nn2,13.842848540077869
c1cc(N(=O)=O)ccc1c2nnc(CC)nn2,14.743951464014328
CC(=C)c2nnc(CF)nn2,13.637653097025222
c1cccnc1c2nnc(C)nn2,14.816114998974811
CC(C)(C)c2nnc(N(C)C)nn2,26.790241736991003
c1occc1c2nnc(Br)nn2,14.651080131820768
c1cncnc1c2nnc(CC)nn2,13.438105235029655
CSc2nnc(c1ccc(O)cc1)nn2,17.103385304049848
c1cncnc1c2nncnn2,12.01052226006698
c1cc(C(=O)O)ccc1c2nnc(CF)nn2,13.085445176992621
s1cccc1c2nnc(c1cncnc1)nn2,14.578916596931624
c1cc(C(=O)O)ccc1c2nnc(N(=O)=O)nn2,7.87963051308091
c1cc(C(=O)[O-])ccc1c2nnc(/C=C/c1ccccc1)nn2,16.39430013398529
NC(=O)c2nnc(C(F)(F)F)nn2,8.365322479067427
c1cc(OC)ccc1c2nnc(N)nn2,22.236408924002664
CC(=O)Nc2nnc(C#Cc1ccccc1)nn2,14.312852781032655
c1cc(C(=O)O)ccc1c2nnc(c1occc1)nn2,14.536873494037772
c1cnccc1c2nnc(Br)nn2,13.253617588853386
o1cccc1c2nnc(c1cncnc1)nn2,14.159113075921434
c1ccccc1C#Cc2nnc(CF)nn2,13.553566891094839
C=Cc2nnc(c1ncncc1)nn2,13.389159533010552
c1(NC)ccccc1c2nnc(c1c(NC)cccc1)nn2,16.20228237997071
Nc2nnc(c1ncncc1)nn2,20.072757891972213
COC(=C)c2nnc(CC)nn2,14.487300283020254
c1cc(OC)ccc1c2nnc(F)nn2,14.157858057924601
c1cc(C(=O)[O-])ccc1c2nnc(c1occc1)nn2,15.031978095000525
s1cccc1c2nnc(c1ncccc1)nn2,14.039886365937093
C=Cc2nnc(I)nn2,15.630621680987225
O=N(=O)c2nnc(c1sccc1)nn2,9.447147995046981
C=Cc2nnc(N(C)C)nn2,22.749083776992393
c1cc(C(=O)OC)ccc1c2nnc(c1c(O)cccc1)nn2,14.026081167971949
c1cnccc1c2nnc(c1ccncc1)nn2,12.818753852023898
c1cc(OC)ccc1c2nnc(c1ncccn1)nn2,14.051809036978332
c1(NC)ccccc1c2nnc(c1ncccn1)nn2,13.792020310992179
CN(C)c2nnc(c1cnccc1)nn2,21.41625466100451
c1cc(N(=O)=O)ccc1c2nnc(SC)nn2,15.877232718006647
c1sccc1c2nnc(F)nn2,13.389159533010552
FCc2nnc(c1c(O)cccc1)nn2,13.291268129043685
c1ccccc1C#Cc2nnc(I)nn2,15.011897806979883
COc2nnc(c1ncncn1)nn2,14.406351622010611
c1cc(OC)ccc1c2nnc(C(OC)=C)nn2,13.923169692017757
o1cccc1c2nnc(OC)nn2,16.696759472006388
FC(F)(F)c2nnc(c1ncccn1)nn2,9.709446756955456
c1occc1c2nnc(SC)nn2,17.080794980035545
CC(=O)Nc2nnc(c1cocc1)nn2,14.657355222018943
FC(F)c2nnc(C)nn2,13.819630707065148
c1ccccc1/C=C/c2nnc(c1ncncn1)nn2,13.719856775960356
COC(=C)c2nnc(C(=O)OC)nn2,9.753372386915895
o1cccc1c2nnc(c1ncncn1)nn2,12.845736739027112
c1cc(NC(=O)C)ccc1c2nnc(SC)nn2,17.20190421701513
c1cc(C(=O)O)ccc1c2nnc(Cl)nn2,13.112428063995836
CC(=O)c2nnc(c1ncccc1)nn2,10.596116973999694
c1cc(C(F)(F)F)ccc1c2nnc(c1ncncn1)nn2,11.709945449041129
c1(O)ccccc1c2nnc(F)nn2,12.838206630974783
FCc2nnc(c1ncccc1)nn2,12.402715385004202
CC(=O)c2nnc(c1occc1)nn2,12.528844694042453
Nc2nnc(c1ncncn1)nn2,19.52996260705853
c1(NC)ccccc1c2nnc(c1c(O)cccc1)nn2,15.252861263013566
CC(=C)c2nnc(C(F)F)nn2,12.456053650012214
COC(=O)c2nnc(C=C)nn2,12.087705867014789
COC(=C)c2nnc(c1cnccc1)nn2,12.6788193450205
c1cc([O-])ccc1c2nnc(C#C)nn2,18.818367401000305
c1(O)ccccc1c2nnc(c1ccccc1)nn2,14.614057100985582
FC(F)c2nnc(Br)nn2,11.410623656012108
c1cc([O-])ccc1c2nnc(c1ccc(N(=O)=O)cc1)nn2,18.274944607016867
c1cc(C(=O)O)ccc1c2nnc(C(=O)N)nn2,11.147697385105218
c1cc([O-])ccc1c2nnc(C(C)=C)nn2,19.151574680015113
c1cc(OC)ccc1c2nnc(OC)nn2,17.271557715910614
CSc2nnc(CF)nn2,15.3902857340233
CC(=C)c2nnc(SC)nn2,16.9364679099719
CC(=C)c2nnc(C#Cc1ccccc1)nn2,15.212073177973867
c1cc(C(F)(F)F)ccc1c2nnc(SC)nn2,16.136393934994384
CC(=O)c2nnc(c1cc(O)ccc1)nn2,12.272821022046795
c1sccc1c2nnc(SC)nn2,16.82163376311915
c1cc(C(=O)N)ccc1c2nnc(C(C)=C)nn2,14.834312760071546
c1ccccc1c2nnc(Cl)nn2,13.73805453705709
NC(=O)c2nnc(CF)nn2,10.882261077990645
o1cccc1c2nnc(F)nn2,13.440615271023317
NC(=O)c2nnc(NC)nn2,19.264526300015294
c1cc(N)ccc1c2nnc(C)nn2,18.16136547801827
C=Cc2nnc(C)nn2,16.745077665027075
FCc2nnc(Cl)nn2,12.716469884996782
c1cc(C(=O)O)ccc1c2nnc(c1cscc1)nn2,14.666767856995179
c1cc(NC(=O)C)ccc1c2nnc(c1cncnc1)nn2,14.236296683011922
COc2nnc(c1ccccc1)nn2,16.443873345002807
c1cc(C(F)(F)F)ccc1c2nnc(c1c(O)cccc1)nn2,13.923169691946416
NC(=O)c2nnc(c1ccncc1)nn2,10.827667794985802
c1cc(N(=O)=O)ccc1c2nnc(c1ccc(N(=O)=O)cc1)nn2,12.78361334796994
Nc2nnc(Cl)nn2,20.09095565306895
FCc2nnc(c1ncncc1)nn2,11.591346247983864
NC(=O)c2nnc(C(C)=C)nn2,11.773323858023792
c1cc([O-])ccc1c2nnc(c1ncncc1)nn2,17.26026255393913
COC(=O)c2nnc(c1ncccn1)nn2,9.387534639983473
NC(=O)c2nnc(c1c(O)cccc1)nn2,11.882510423962142
c1occc1c2nnc(I)nn2,15.72161048604286
o1cccc1c2nnc(C(F)(F)F)nn2,12.02934753001945
c1cc(N)ccc1c2nnc(C(=O)OC)nn2,14.324775451931213
c1cc(C(F)(F)F)ccc1c2nnc(c1ncccc1)nn2,12.727765046896925
NC(=O)c2nnc(Br)nn2,10.931206780081087
CC(=O)c2nnc(NC)nn2,19.36681026704241
CN(C)c2nnc(I)nn2,21.78083739001144
CC(=C)c2nnc(OC)nn2,16.964705814971943
c1sccc1c2nnc(CC)nn2,15.823266944000219
COC(=C)c2nnc(c1ccccc1)nn2,13.150706113041872
c1cc(C(F)(F)F)ccc1c2nnc(c1ccc(N)cc1)nn2,16.235540356886744
c1cc(C(=O)OC)ccc1c2nnc(C(C)(C)C)nn2,19.74206064902241
c1cc([O-])ccc1c2nnc(F)nn2,16.490936520026665
s1cccc1c2nnc(Br)nn2,14.859413119865494
CC(=O)Nc2nnc(CF)nn2,13.20341686905147
c1occc1c2nnc(N)nn2,22.677547750958986
c1cc(C(=O)N)ccc1c2nnc(C#Cc1ccccc1)nn2,14.18986101705782
c1cc(C(=O)N)ccc1c2nnc(c1ccncc1)nn2,13.522191440960036
c1ccncc1c2nnc(Cl)nn2,13.372216790053328
c1sccc1c2nnc(c1cnccc1)nn2,14.9805223570591
FC(F)(F)c2nnc(C(F)(F)F)nn2,8.258018439981646
CC(=C)c2nnc(I)nn2,15.165637511948425
O=N(=O)c2nnc(N)nn2,15.693372580971474
CC(=O)c2nnc(CF)nn2,10.906733929000197
c1cc(N(=O)=O)ccc1c2nnc(c1cncnc1)nn2,13.02896936699253
c1cc(N)ccc1c2nnc(c1ccncc1)nn2,16.33468677899312
O=N(=O)c2nnc(I)nn2,8.724885135944353
c1cc(OC)ccc1c2nnc(c1ccccc1)nn2,15.585441032958617
c1cc(C(=O)OC)ccc1c2nnc(C(=O)C)nn2,11.520437731020213
c1cc(C(=O)[O-])ccc1c2nnc(CF)nn2,13.29942574602309
FC(F)c2nnc(N)nn2,19.03423049702602
FCc2nnc(I)nn2,13.948897561095478
c1cccnc1c2nnc(F)nn2,12.105903628040183
s1cccc1c2nnc(c1ncncc1)nn2,13.331428705084969
CC(=C)c2nnc(NC)nn2,21.471475453043436
c1cc(C(=O)[O-])ccc1c2nnc(c1cocc1)nn2,15.272941551034206
CC(=O)c2nnc(c1cnccc1)nn2,11.693002706012566
COC(=O)c2nnc(/C=C/c1ccccc1)nn2,12.863306990911411
CC(C)(C)c2nnc(C(C)C)nn2,21.24745474000265
c1cc(C(=O)[O-])ccc1c2nnc(c1cncnc1)nn2,13.851006156985934
COC(=C)c2nnc(Br)nn2,12.795536019011177
c1cc(C(=O)O)ccc1c2nnc(c1ccncc1)nn2,13.40672978503753
c1sccc1c2nnc(OC)nn2,16.45328598005038
CNc2nnc(Br)nn2,20.332546618172383
CC(=O)Nc2nnc(C(=O)C)nn2,12.398322822015292
c1cc(C(=O)N)ccc1c2nnc(C#C)nn2,13.580549777955374
c1cc(C(=O)O)ccc1c2nnc(c1sccc1)nn2,15.186345308967484
c1cc(NC(=O)C)ccc1c2nnc(N)nn2,22.62169945002865
c1cc([O-])ccc1c2nnc(C#Cc1ccccc1)nn2,19.24507352106441
o1cccc1c2nnc(SC)nn2,16.596985541044273
c1cc(OC)ccc1c2nncnn2,14.96295210503212
c1cc(C(=O)OC)ccc1c2nncnn2,13.868576409012912
c1cc(C(=O)[O-])ccc1c2nnc(c1ncncc1)nn2,12.48868411792983
c1cc([O-])ccc1c2nnc(NC)nn2,23.050915606015078
c1occc1c2nnc(c1ncncc1)nn2,13.315113470983482
c1occc1c2nnc(c1occc1)nn2,15.549045511050506
n1cccnc1c2nnc(CC)nn2,13.939484926047903
c1cc(NC(=O)C)ccc1c2nnc(c1ccccc1)nn2,15.149322278060957
CC(=C)c2nnc(C#C)nn2,14.257631988993724
CC(=O)Nc2nnc(/C=C/c1ccccc1)nn2,15.592971141010944
c1occc1c2nnc(C(C)=C)nn2,15.565360745009315
c1ccccc1/C=C/c2nnc(c1cc(O)ccc1)nn2,16.181574583022993
COC(=O)c2nnc(C#Cc1ccccc1)nn2,11.187230452005407
c1cc([O-])ccc1c2nnc(Cl)nn2,17.765407299019213
FCc2nnc(C(C)(C)C)nn2,17.990055521022747
c1cc(C(=O)[O-])ccc1c2nncnn2,14.255121953035731
c1cc(C(=O)O)ccc1c2nnc(c1cc(O)ccc1)nn2,13.920659656024094
CC(=C)c2nnc(C(OC)=C)nn2,13.555449418018748
o1cccc1c2nnc(CF)nn2,13.694128907025313
c1cc(C(=O)O)ccc1c2nnc(C(C)=C)nn2,14.533108440047279
FC(F)(F)c2nnc(N(C)C)nn2,19.10262897806735
C#Cc2nnc(C#C)nn2,13.035244457012357
c1occc1c2nnc(Cl)nn2,14.28461487603261
c1cc([O-])ccc1c2nnc(c1ccc(C(=O)N)cc1)nn2,18.356520776953584
CNc2nnc(N)nn2,24.956032929984865
CC(=O)c2nnc(Br)nn2,11.13702973213215
FC(F)c2nnc(c1cncnc1)nn2,11.282611820049949
c1ccccc1/C=C/c2nnc(C)nn2,17.72963928603818
c1cc(N(=O)=O)ccc1c2nnc(C(=O)N)nn2,10.832060357974711
c1cc([O-])ccc1c2nnc(N)nn2,23.345844835983847
c1ccccc1C#Cc2nnc(c1ccccc1)nn2,14.518675733083718
COC(=O)c2nnc(c1ccncc1)nn2,10.170665872003763
c1(O)ccccc1c2nnc(Cl)nn2,13.623847899060076
CC(=O)Nc2nnc(c1ncccc1)nn2,13.275580404011954
c1(NC)ccccc1c2nnc(NC(=O)C)nn2,15.021310442027458
c1occc1c2nnc(c1cc(O)ccc1)nn2,15.380873099047063
CC(=O)Nc2nnc(N)nn2,20.020047135962617
NC(=O)c2nnc(c1ncccn1)nn2,10.041399018044771
c1occc1c2nnc(c1cnccc1)nn2,14.950401924921128
COC(=C)c2nnc(Cl)nn2,12.450406068955132
c1cc(NC(=O)C)ccc1c2nnc(c1ccncc1)nn2,14.241944264069001
c1cc(C(=O)O)ccc1c2nnc(C(OC)=C)nn2,12.6643866379856
s1cccc1c2nnc(c1ccc(O)cc1)nn2,16.082428160987956
n1cncnc1c2nnc(C)nn2,13.741192081977829
CN(C)c2nnc(N)nn2,25.580404385049288
c1cc(C(=O)OC)ccc1c2nnc(N)nn2,21.601369815965175
c1occc1c2nnc(c1ncccn1)nn2,13.576157214966464
c1(NC)ccccc1c2nnc(c1cc(O)ccc1)nn2,15.52520016903937
c1cc(N(=O)=O)ccc1c2nnc(c1cscc1)nn2,14.295282529077015
C#Cc2nnc(Cl)nn2,12.955550813963876
Fc2nncnn2,13.513406315017887
c1cc(C(F)(F)F)ccc1c2nnc(C)nn2,15.711570342068208
c1(NC)ccccc1c2nnc(c1ncncc1)nn2,13.28624805698502
c1cc(C(=O)[O-])ccc1c2nnc(c1c(O)cccc1)nn2,14.598996884952266
c1ccccc1/C=C/c2nnc(c1cncnc1)nn2,15.131752025962639
C=Cc2nnc(C(F)(F)F)nn2,12.055075399025833
c1(NC)ccccc1c2nnc(CF)nn2,13.90810947598444
o1cccc1c2nnc(c1ncncc1)nn2,12.985671246030508
C#Cc2nnc(c1ccncc1)nn2,12.938608071006653
COC(=C)c2nnc(c1ncncc1)nn2,11.224880992053027
c1cccnc1c2nnc(c1ncccc1)nn2,11.979774319001931
CC(=C)c2nnc(c1ccccc1)nn2,15.165637512019766
c1cc(O)ccc1c2nnc(Br)nn2,15.298669420183268
c1cc(O)ccc1c2nnc(c1ccccc1)nn2,15.654467022998361
c1sccc1c2nnc(CF)nn2,13.823395761055643
c1cc(O)ccc1c2nnc(C)nn2,17.13350573604514
c1cc(C(=O)OC)ccc1c2nnc(OC)nn2,16.536744676982348
COc2nnc(C(F)(F)F)nn2,13.673421110006256
c1cc(C(=O)O)ccc1c2nnc(C(=O)OC)nn2,10.796292345065016
c1cc([O-])ccc1c2nnc(I)nn2,18.98214725008618
c1cc(C(=O)O)ccc1c2nnc(c1ccc(C(=O)N)cc1)nn2,13.44438032508515
CC(=O)Nc2nnc(C#C)nn2,13.877361535062072
CC(=C)c2nnc(C=C)nn2,16.043522602979174
c1cc(OC)ccc1c2nnc(c1c(O)cccc1)nn2,15.181952745978574
o1cccc1c2nnc(c1cc(O)ccc1)nn2,15.096611521980021
Clc2nnc(Cl)nn2,12.88966236905889
c1cc(C(=O)[O-])ccc1c2nnc(c1ccc(C(F)(F)F)cc1)nn2,14.063731708019569
c1cc(N(=O)=O)ccc1c2nnc(c1ncccn1)nn2,12.049427817968752
c1ccccc1C#Cc2nnc(CC)nn2,15.656977058992023
FCc2nnc(c1ncccn1)nn2,12.077038214041721
CC(=O)c2nnc(F)nn2,10.876613497004904
FCc2nnc(c1ccc(O)cc1)nn2,14.168525710969009
c1cnccc1c2nnc(CC)nn2,14.731401283974675
c1occc1c2nnc(c1ccccc1)nn2,15.245331154961237
CC(=O)c2nnc(N)nn2,19.706292636041375
FC(F)c2nnc(C(F)F)nn2,9.308468505969076
c1sccc1c2nnc(I)nn2,15.346987612989938
COc2nnc(NC)nn2,21.29953798697816
c1cnccc1c2nnc(C)nn2,15.304944509953406
c1cc([O-])ccc1c2nnc(c1ccccc1)nn2,18.85978299496708
c1cc(N)ccc1c2nnc(/C=C/c1ccccc1)nn2,17.60602001292225
c1ccccc1C#Cc2nnc(F)nn2,13.346488920975606
c1cc(C(=O)N)ccc1c2nnc(F)nn2,13.009516587970305
COC(=O)c2nnc(C#C)nn2,10.299305217035677
CN(C)c2nnc(c1cncnc1)nn2,20.96256565400853
c1cc(NC(=O)C)ccc1c2nnc(C(C)=C)nn2,15.756123480955722
c1(NC)ccccc1c2nnc(c1ccc(N)cc1)nn2,17.115935484018163
FC(F)c2nnc(c1ccncc1)nn2,11.27382669392945
o1cccc1c2nnc(c1cscc1)nn2,15.396560823936117
C=Cc2nnc(F)nn2,13.791392802029433
c1(O)ccccc1c2nnc(c1ncccn1)nn2,12.893427422978045
FC(F)c2nnc(Cl)nn2,11.312732252045242
CSc2nnc(CC)nn2,17.574644563001467
c1cc(C(=O)[O-])ccc1c2nnc(Cl)nn2,13.76566493298738
COC(=O)c2nnc(c1cc(O)ccc1)nn2,11.229901063969013
c1ccccc1/C=C/c2nnc(Br)nn2,15.417896130024928
c1cc(C(=O)N)ccc1c2nnc(C(=O)N)nn2,11.211703302943619
c1cc([O-])ccc1c2nnc(c1c(NC)cccc1)nn2,18.916258805038513
CSc2nnc(F)nn2,15.074021198037055
c1cc(OC)ccc1c2nnc(c1cnccc1)nn2,15.087198887075125
COc2nnc(c1ccc(O)cc1)nn2,16.954038161998877
c1occc1c2nnc(C(C)C)nn2,16.59196546898561
c1cncnc1c2nnc(Br)nn2,12.12535640699107
COC(=O)c2nnc(Cl)nn2,10.25537958707524
c1cc(N)ccc1c2nnc(c1occc1)nn2,16.891914770941707
c1cc(OC)ccc1c2nnc(c1sccc1)nn2,16.277583459994613
c1cc(NC(=O)C)ccc1c2nnc(c1ccc(N)cc1)nn2,17.013651516991047
O=N(=O)c2nnc(c1ccncc1)nn2,7.639294565974304
COC(=O)c2nnc(c1ncncn1)nn2,8.540397489982103
c1cc(N)ccc1c2nnc(CC)nn2,17.44161265498064
Nc2nnc(c1ccncc1)nn2,20.639398519039712
CSc2nnc(c1cnccc1)nn2,16.02344231506554
c1cc(NC(=O)C)ccc1c2nnc(c1cc(O)ccc1)nn2,15.235918519913662
c1occc1c2nnc(C(F)(F)F)nn2,12.229522900942094
c1cc(O)ccc1c2nnc(c1ccc(O)cc1)nn2,16.631498536028477
c1cc(OC)ccc1c2nnc(c1ccncc1)nn2,14.724498685063441
o1cccc1c2nncnn2,14.337953140969281
C#Cc2nnc(C)nn2,15.491314683017913
c1cc(NC(=O)C)ccc1c2nnc(/C=C/c1ccccc1)nn2,16.614555793071254
n1cncnc1c2nnc(I)nn2,12.709567286085548
c1ccccc1/C=C/c2nnc(N)nn2,23.18959509502164
c1ccccc1c2nnc(C)nn2,15.993949391997324
C#Cc2nnc(CC)nn2,14.925929073982916
c1(NC)ccccc1c2nnc(c1occc1)nn2,15.471234395032942
n1cncnc1c2nnc(F)nn2,11.020313057998795
o1cccc1c2nnc(N)nn2,21.78083739001144
c1occc1c2nnc(c1c(O)cccc1)nn2,15.101631593967346
COc2nnc(CC)nn2,17.440357636983812
c1cnccc1c2nnc(F)nn2,12.229522901013432
CNc2nnc(I)nn2,21.09183250803886
c1cc(NC(=O)C)ccc1c2nncnn2,14.716968577011114
NC(=O)c2nnc(C)nn2,13.194004234003895
CN(C)c2nnc(c1ccccc1)nn2,21.541756461044343
c1cncnc1c2nnc(c1ccccc1)nn2,12.404597912070788
c1c(O)cccc1c2nnc(c1cc(O)ccc1)nn2,14.59962439402202
c1cc(N(=O)=O)ccc1c2nnc(C(C)=C)nn2,14.169780729037178
O=N(=O)c2nnc(F)nn2,7.595368936013866
c1cc(OC)ccc1c2nnc(c1ccc(C(F)(F)F)cc1)nn2,15.028213040938692
CC(=O)Nc2nnc(C(F)F)nn2,12.595360648088535
c1cc(N)ccc1c2nnc(c1ccc(O)cc1)nn2,17.747837046992235
c1sccc1c2nnc(C(=O)OC)nn2,11.800306744955668
o1cccc1c2nnc(c1ccccc1)nn2,14.97487477593068
o1cccc1c2nnc(I)nn2,15.2911393120596
c1cc(C(F)(F)F)ccc1c2nnc(C(C)=C)nn2,14.464082450078873
CN(C)c2nnc(F)nn2,18.494572757033076
c1cc([O-])ccc1c2nncnn2,17.773564915998616
c1cc(O)ccc1c2nnc(N)nn2,22.075766619980207
c1cc(OC)ccc1c2nnc(C#Cc1ccccc1)nn2,15.538377858077439
c1cc(C(=O)OC)ccc1c2nnc(c1ccc(N)cc1)nn2,16.185339637013488
c1cc(C(=O)O)ccc1c2nnc(I)nn2,14.610919555993503
c1cnccc1c2nnc(c1cnccc1)nn2,13.458185522978956
c1cc(N)ccc1c2nnc(c1cscc1)nn2,17.019926607046543
c1cc(C(=O)N)ccc1c2nnc(Cl)nn2,13.375354334974068
c1sccc1c2nnc(C(F)(F)F)nn2,11.979146810146196
FCc2nnc(c1cc(O)ccc1)nn2,13.411749856953517
COC(=O)c2nnc(Br)nn2,10.566624050931479
CC(=O)c2nnc(OC)nn2,14.218098921986527
Clc2nnc(C)nn2,15.36267533795033
COc2nnc(N)nn2,21.86492359604883
c1(O)ccccc1c2nnc(c1ncncc1)nn2,12.509391914948887
c1cncnc1c2nnc(Cl)nn2,11.69802277799989
Fc2nnc(C(C)C)nn2,14.84247037705095
Brc2nnc(C)nn2,15.466841832044032
COC(=C)c2nnc(C(F)(F)F)nn2,10.244084425032417
c1cc([O-])ccc1c2nnc(c1c(O)cccc1)nn2,18.14505024405946
CNc2nnc(c1ncncc1)nn2,19.208050490015204
CC(=O)c2nnc(C)nn2,13.477638302036853
CC(=O)Nc2nnc(c1cncnc1)nn2,13.395434622994708
FC(F)(F)c2nnc(C)nn2,13.192121707008647
c1cc(N)ccc1c2nnc(C(C)(C)C)nn2,21.620195085988982
NC(=O)c2nnc(C=C)nn2,12.537002310950516
c1cc(C(=O)N)ccc1c2nnc(CF)nn2,13.08858272205604
c1cc([O-])ccc1c2nnc(C(F)(F)F)nn2,16.42630309297583
c1cc([O-])ccc1c2nnc(c1cscc1)nn2,18.909356205913262
COC(=C)c2nnc(N)nn2,20.353881923975838
O=N(=O)c2nnc(SC)nn2,10.769936966988878
c1cc(OC)ccc1c2nnc(C=C)nn2,16.3403343600502
c1sccc1c2nnc(c1ncccn1)nn2,13.481403355920337
c1cc(C(F)(F)F)ccc1c2nnc(C(OC)=C)nn2,12.71835241199203
Ic2nncnn2,14.489182810015501
c1cc(OC)ccc1c2nnc(C#C)nn2,14.937224236025738
c1cc(C(=O)O)ccc1c2nnc(C(F)(F)F)nn2,10.955052122020884
c1cc(C(=O)O)ccc1c2nnc(c1ccc(NC(=O)C)cc1)nn2,14.435844545007487
c1cc([O-])ccc1c2nnc(C(OC)=C)nn2,17.452280307953707
c1cc(NC(=O)C)ccc1c2nnc(c1ncncn1)nn2,12.884014788073149
s1cccc1c2nnc(C(C)=C)nn2,15.797539074993837
c1cc(C(=O)N)ccc1c2nnc(c1cnccc1)nn2,13.968350339975025
c1(NC)ccccc1c2nnc(c1ccncc1)nn2,14.68998568993656
c1cc(OC)ccc1c2nnc(C)nn2,17.02933924202278
c1cc(C(=O)OC)ccc1c2nnc(c1ccc(C(F)(F)F)cc1)nn2,13.696638943018975
c1cc(C(=O)N)ccc1c2nnc(CC)nn2,15.34824263098677
c1cncnc1c2nnc(F)nn2,11.464589430018536
Ic2nnc(Cl)nn2,14.058084127105168
c1cc([O-])ccc1c2nnc(c1ccc(O)cc1)nn2,19.578280799936536
c1cc(C(=O)O)ccc1c2nnc(C#Cc1ccccc1)nn2,14.162250620984851
c1cc(C(=O)O)ccc1c2nnc(Br)nn2,13.626357935196419
c1cc(N(=O)=O)ccc1c2nnc(c1cc(O)ccc1)nn2,13.77445005910788
c1ccccc1/C=C/c2nnc(C=C)nn2,17.098365231991185
c1cc(C(=O)[O-])ccc1c2nnc(c1ccc(N(=O)=O)cc1)nn2,13.748094680889063
c1cc(C(=O)N)ccc1c2nnc(C(OC)=C)nn2,12.684466926077581
CNc2nnc(NC)nn2,24.283343282042434
COC(=O)c2nncnn2,10.577291703975884
COC(=O)c2nnc(c1cnccc1)nn2,10.609922172107519
c1ncncc1c2nnc(Cl)nn2,12.809341217047661
c1cc(C(=O)N)ccc1c2nnc(OC)nn2,16.339706851051783
Nc2nnc(Br)nn2,20.451773328014045
FC(F)(F)c2nnc(c1cnccc1)nn2,11.108791826989426
c1occc1c2nnc(C=C)nn2,16.198517325980216
c1cc(OC)ccc1c2nnc(c1cscc1)nn2,15.980771702959256
CC(=C)c2nnc(c1c(O)cccc1)nn2,14.802937310008081
c1cc(N(=O)=O)ccc1c2nnc(CF)nn2,12.818753851952557
c1cc(C(=O)OC)ccc1c2nnc(c1ccncc1)nn2,13.445635343081982
CC(=O)Nc2nnc(c1sccc1)nn2,14.87698337210649
c1(O)ccccc1c2nnc(c1cnccc1)nn2,14.120835027089415
Clc2nnc(F)nn2,12.486174081936166
COc2nnc(c1ccncc1)nn2,15.744200809985823
C=Cc2nnc(C(F)F)nn2,12.900957531030372
c1cc([O-])ccc1c2nnc(c1ccc(N)cc1)nn2,20.08781810793419
CSc2nnc(c1ncccc1)nn2,15.542142911996594
c1ccccc1c2nnc(I)nn2,15.057078455079832
C#Cc2nnc(F)nn2,12.500606789042406
c1cc(C(=O)O)ccc1c2nnc(c1ccc(C(F)(F)F)cc1)nn2,13.381629425100902
c1cc(N(=O)=O)ccc1c2nnc(C=C)nn2,14.615939628052168
CC(=C)c2nnc(CC)nn2,15.614933955991164
c1cc(C(=O)OC)ccc1c2nnc(c1cc(O)ccc1)nn2,14.32101039794072
s1cccc1c2nnc(Cl)nn2,14.536873493966434
c1cc(C(=O)O)ccc1c2nnc(c1ncncn1)nn2,11.66476480094118
c1cc(N(=O)=O)ccc1c2nnc(F)nn2,12.582182958979125
c1cc(C(=O)O)ccc1c2nnc(c1ccc(C(=O)O)cc1)nn2,13.497718590021824
CSc2nnc(c1c(O)cccc1)nn2,16.4156354400741
Ic2nnc(C)nn2,16.541137240042598
CC(=O)c2nnc(c1ccc(NC(=O)C)cc1)nn2,12.814988798033403
c1cncnc1c2nnc(c1ncccn1)nn2,10.640042603960133
c1cc([O-])ccc1c2nnc(NC(=O)C)nn2,15.7272580670286
c1ccncc1c2nnc(I)nn2,14.684338109022157
c1cc(C(F)(F)F)ccc1c2nnc(C=C)nn2,15.11857433699591
c1cc(C(=O)[O-])ccc1c2nnc(F)nn2,13.422417509997922
c1cc(C(=O)OC)ccc1c2nnc(c1ccc(C(=O)N)cc1)nn2,13.711071650053876
s1cccc1c2nnc(c1cc(O)ccc1)nn2,15.412876058037604
c1sccc1c2nnc(c1ccncc1)nn2,14.27143718699454
c1ncncc1c2nnc(CC)nn2,14.611547065063258
CC(=O)Nc2nnc(c1occc1)nn2,14.253239426040485
CC(=C)c2nnc(c1ncncn1)nn2,12.519432058994877
Brc2nnc(C(C)C)nn2,15.48315706614552
c1ccccc1c2nnc(c1ccccc1)nn2,14.784112039984272
c1cc(C(F)(F)F)ccc1c2nnc(C(F)F)nn2,11.802189271879575
C#Cc2nnc(C(F)F)nn2,11.29704452701351
n1cccnc1c2nnc(C)nn2,14.548168656009254
c1cc(C(=O)OC)ccc1c2nnc(C#Cc1ccccc1)nn2,14.334815596048543
NC(=O)c2nnc(OC)nn2,13.959565213997205
s1cccc1c2nncnn2,14.58958424997603
c1(NC)ccccc1c2nnc(Br)nn2,14.673670456049091
c1cc(NC(=O)C)ccc1c2nnc(c1ncccn1)nn2,13.633888043034727
s1cccc1c2nnc(/C=C/c1ccccc1)nn2,16.703034561919207
c1cc(OC)ccc1c2nnc(CC)nn2,16.444500853929885
c1ccccc1C#Cc2nnc(C(F)(F)F)nn2,11.279474274986532
c1cc(C(=O)O)ccc1c2nnc(NC)nn2,20.842711434954435
CC(=O)c2nnc(C(=O)OC)nn2,8.001994767985988
c1cncnc1c2nnc(c1ccncc1)nn2,11.532987910988526
o1cccc1c2nnc(C(OC)=C)nn2,13.689736344036403
c1cc(C(F)(F)F)ccc1c2nncnn2,13.519053895967957
NC(=O)c2nnc(c1ncncc1)nn2,9.590847556040872
c1occc1c2nnc(CF)nn2,14.154093004005448
COc2nnc(c1ncncc1)nn2,14.642295005985627
CC(=O)Nc2nnc(C(F)(F)F)nn2,11.846742410981108
CC(=C)c2nnc(C(C)=C)nn2,15.289256784993015
c1ccccc1C#Cc2nnc(c1ncccc1)nn2,13.243577444950073
c1(O)ccccc1c2nnc(I)nn2,14.821135071033476
c1cc(N(=O)=O)ccc1c2nnc(c1ncccc1)nn2,12.388910186967715
c1ccccc1C#Cc2nnc(N)nn2,22.285354625950426
c1cc(N(=O)=O)ccc1c2nnc(c1sccc1)nn2,14.691240708004731
c1cc(C(=O)N)ccc1c2nnc(/C=C/c1ccccc1)nn2,15.866565065033582
c1cc([O-])ccc1c2nnc(OC)nn2,19.322884637010635
COC(=C)c2nnc(c1ncccn1)nn2,11.610799027006092
c1cc([O-])ccc1c2nnc(c1cncnc1)nn2,18.343343087986856
c1cncnc1c2nnc(C)nn2,13.980273011016264
c1cc(C(=O)N)ccc1c2nnc(c1ncncn1)nn2,11.942751287952726
FC(F)c2nnc(c1cnccc1)nn2,11.933338652976492
c1ccccc1C#Cc2nnc(C#Cc1ccccc1)nn2,14.834312760071546
CC(=C)c2nnc(c1cc(O)ccc1)nn2,15.10665166602601
COc2nnc(I)nn2,16.85928430302409
CC(=O)c2nnc(C=C)nn2,12.862051973057259
CC(=C)c2nnc(c1ccncc1)nn2,14.06937928900531
c1cc(C(F)(F)F)ccc1c2nnc(c1cscc1)nn2,14.559463818052077
c1occc1c2nnc(CC)nn2,16.020304770002124
c1cc([O-])ccc1c2nnc(c1ncccc1)nn2,17.481773231093264
c1cc(C(F)(F)F)ccc1c2nnc(NC)nn2,20.862791722975075
c1cc(C(F)(F)F)ccc1c2nnc(Br)nn2,13.569254615983892
c1cc(C(F)(F)F)ccc1c2nnc(c1ccc(O)cc1)nn2,15.180070218983326
c1cccnc1c2nnc(Cl)nn2,12.563357688955316
CC(=C)c2nnc(c1ncccn1)nn2,13.456930504982125
c1cc(OC)ccc1c2nnc(c1cncnc1)nn2,14.600879411947513
c1occc1c2nnc(C(=O)OC)nn2,12.132259005973642
O=N(=O)c2nnc(Cl)nn2,7.668787488971181
COC(=O)c2nnc(C)nn2,12.926057890967
Clc2nncnn2,13.172668927915081
C=Cc2nnc(Cl)nn2,14.384388806994723
CCc2nnc(CC)nn2,16.76766798900571
n1cncnc1c2nnc(c1ncncn1)nn2,9.570139758950475
Nc2nnc(c1ncccc1)nn2,20.547782204985666
c1cc(C(=O)O)ccc1c2nnc(c1cnccc1)nn2,13.96772283097661
s1cccc1c2nnc(c1cnccc1)nn2,15.113554265008585
c1cc(C(=O)OC)ccc1c2nnc(CC)nn2,15.3030619830295
c1cc(OC)ccc1c2nnc(C(F)F)nn2,13.313858453057989
CC(=O)c2nnc(/C=C/c1ccccc1)nn2,13.552939381953745
c1cc(C(=O)N)ccc1c2nnc(SC)nn2,16.3811224450899
CC(=C)c2nnc(F)nn2,13.19902430599122
C#Cc2nnc(c1ncncn1)nn2,11.477139609986851
CN(C)c2nnc(Br)nn2,21.062339584827964
CC(=O)c2nnc(CC)nn2,12.84322670303345
c1cc(C(=O)OC)ccc1c2nnc(SC)nn2,16.33594179706129
COC(=O)c2nnc(N)nn2,18.617564521007907
COc2nnc(C#C)nn2,15.893547951965456
NC(=O)c2nnc(c1ccc(O)cc1)nn2,12.855149374003346
c1occc1c2nnc(c1sccc1)nn2,16.024069824063957
c1cc(C(=O)N)ccc1c2nnc(NC)nn2,20.69650183796688
c1(O)ccccc1c2nnc(c1ccncc1)nn2,13.605650137963343
FCc2nncnn2,13.005124024981395
c1cc(C(=O)O)ccc1c2nnc(C(=O)C)nn2,11.348500264954936
c1ccccc1/C=C/c2nncnn2,15.164382494022934
c1cc(C(F)(F)F)ccc1c2nnc(c1cnccc1)nn2,13.790137783996933
c1sccc1c2nnc(C#Cc1ccccc1)nn2,15.034488131065528
c1(O)ccccc1c2nnc(NC)nn2,20.65445873500169
c1(NC)ccccc1c2nnc(c1ccc(NC(=O)C)cc1)nn2,15.819501890009725
c1cc(O)ccc1c2nnc(CC)nn2,16.32025407202956
c1cc(C(=O)OC)ccc1c2nnc(c1ccc(N(=O)=O)cc1)nn2,13.335193759075462
c1cc([O-])ccc1c2nnc(c1ccc(C(=O)[O-])cc1)nn2,18.857272959044757
c1ncncc1c2nnc(c1ncncc1)nn2,11.538635492045607
CN(C)c2nncnn2,20.735407395975663
c1cc(C(=O)N)ccc1c2nnc(I)nn2,14.476632630047186
c1c(O)cccc1c2nnc(c1ccncc1)nn2,13.750604717025404
c1cc(C(=O)O)ccc1c2nnc(c1ccccc1)nn2,14.233786647018258
CC(=O)c2nnc(N(C)C)nn2,19.859404832011503
c1c(O)cccc1c2nnc(C)nn2,16.067995454024395
c1(NC)ccccc1c2nnc(C=C)nn2,16.675424166060253
c1cc(N)ccc1c2nnc(C(OC)=C)nn2,14.98616993804484
COC(=C)c2nnc(c1ccncc1)nn2,12.194382397102155
FC(F)(F)c2nnc(I)nn2,11.854900027960511
Brc2nnc(CC)nn2,15.062098526995818
c1cc([O-])ccc1c2nnc(C=C)nn2,19.289626659951924
c1occc1c2nnc(c1ccc(O)cc1)nn2,16.355394576083516
c1cc(C(=O)OC)ccc1c2nnc(C(C)=C)nn2,14.369956099959822
c1occc1c2nnc(c1ncccc1)nn2,14.021688604983039
c1sccc1c2nnc(N)nn2,22.388266102047297
c1cc(N(=O)=O)ccc1c2nnc(c1ncncn1)nn2,11.378620696950229
CN(C)c2nnc(NC)nn2,25.27794504695685
c1cc(N(=O)=O)ccc1c2nnc(OC)nn2,15.877232718077988
c1cc(C(=O)OC)ccc1c2nnc(C(=O)OC)nn2,10.776212057044374
c1cc(O)ccc1c2nnc(c1cc(O)ccc1)nn2,15.370832955001074
c1(O)ccccc1c2nnc(CC)nn2,15.461821760056706
c1cncnc1c2nnc(I)nn2,12.971866047994023
c1cc(C(=O)OC)ccc1c2nnc(Br)nn2,13.892421751095387
COC(=C)c2nnc(c1ncncn1)nn2,10.849003101003273
O=N(=O)c2nnc(NC)nn2,15.8552699030621
c1cc(C(=O)[O-])ccc1c2nnc(c1cc(O)ccc1)nn2,14.887023516081143
c1c(O)cccc1c2nnc(I)nn2,15.177560183061003
c1cncnc1c2nnc(c1ncccc1)nn2,11.119459480033832
c1cc(C(=O)OC)ccc1c2nnc(C(F)(F)F)nn2,11.146442367037046
FC(F)c2nnc(N(C)C)nn2,19.200520382034217
c1cc(OC)ccc1c2nnc(c1cc(O)ccc1)nn2,15.490059664985413
c1cc(O)ccc1c2nnc(NC)nn2,21.77016973696703
c1cc(N(=O)=O)ccc1c2nnc(/C=C/c1ccccc1)nn2,15.309337073084995
c1cc(NC(=O)C)ccc1c2nnc(C(F)(F)F)nn2,12.367574881092922
c1cc(C(F)(F)F)ccc1c2nnc(CF)nn2,13.015164168956046
n1cccnc1c2nncnn2,12.51190195101389
s1cccc1c2nnc(C(OC)=C)nn2,13.959565213997205
Nc2nnc(F)nn2,18.799542131012167
O=N(=O)c2nnc(c1ccccc1)nn2,8.529729837009036
c1cc(OC)ccc1c2nnc(c1ccc(OC)cc1)nn2,16.65973644102852
c1ccccc1/C=C/c2nnc(CF)nn2,14.47349508505511
c1cc(C(=O)OC)ccc1c2nnc(c1ncncn1)nn2,11.952791432070057
O=N(=O)c2nnc(c1ccc(N)cc1)nn2,11.797169199963589
c1occc1c2nncnn2,14.69563327099364
c1(NC)ccccc1c2nnc(c1ccccc1)nn2,15.540887894071103
c1cc(C(F)(F)F)ccc1c2nnc(N)nn2,21.009628828961045
c1cc(C(=O)O)ccc1c2nnc(N(C)C)nn2,21.449512637991877
c1cc(C(F)(F)F)ccc1c2nnc(F)nn2,12.69764461497297
c1cc(OC)ccc1c2nnc(C(F)(F)F)nn2,12.595988157015611
c1cc([O-])ccc1c2nnc(c1ncncn1)nn2,17.324895980989965
c1cc(O)ccc1c2nnc(c1ccncc1)nn2,14.90333875003995
CC(=O)c2nnc(c1ncncn1)nn2,9.30909601503883
CC(=O)c2nnc(c1ccccc1)nn2,12.184342252984823
c1cc(C(F)(F)F)ccc1c2nnc(C(F)(F)F)nn2,10.906733928928857
c1cc(N)ccc1c2nnc(CF)nn2,15.328162342966127
c1cc(N)ccc1c2nnc(C(C)=C)nn2,17.097110213994352
n1cccnc1c2nnc(c1ccncc1)nn2,12.049427817968752
Nc2nnc(CC)nn2,22.609149270024666
c1sccc1c2nnc(c1c(O)cccc1)nn2,14.758384171049228
NC(=O)c2nnc(F)nn2,10.746719133976159
c1cc(C(=O)N)ccc1c2nnc(N(=O)=O)nn2,8.107416280076523
O=N(=O)c2nnc(c1ncccc1)nn2,7.165525271029025
c1cc(NC(=O)C)ccc1c2nnc(c1ccc(O)cc1)nn2,15.799421602060423
FC(F)(F)c2nnc(c1cc(O)ccc1)nn2,11.755753605996814
CC(=O)Nc2nnc(C=C)nn2,15.270431514969205
c1(NC)ccccc1c2nnc(c1ccc(N(=O)=O)cc1)nn2,14.81611499890347
CNc2nnc(F)nn2,18.219723815049274
c1c(O)cccc1c2nnc(c1ncncn1)nn2,12.096490993063949
NC(=O)c2nnc(c1cc(O)ccc1)nn2,11.98291186399401
FCc2nnc(c1ccncc1)nn2,12.634266206061646
c1cc(OC)ccc1c2nnc(c1ccc(NC(=O)C)cc1)nn2,15.85087734007319
COc2nnc(c1c(O)cccc1)nn2,16.136393934994384
c1cc(N)ccc1c2nnc(c1sccc1)nn2,17.227004577094437
c1c(O)cccc1c2nnc(c1ccccc1)nn2,14.651080131963447
OC(=O)CCc2nnc(N(=O)=O)nn2,9.979275626987599
C=Cc2nnc(Br)nn2,14.647315077972953
O=N(=O)c2nnc(CF)nn2,7.94363643099065
CC(=O)c2nnc(C(C)=C)nn2,12.390165204964548
FC(F)(F)c2nnc(c1ncncc1)nn2,9.163513926978354
CNc2nnc(C)nn2,22.098356943994514
COc2nnc(OC)nn2,18.0753967450213
c1cc(O)ccc1c2nnc(c1ncncc1)nn2,13.500228626015486
NC(=O)c2nnc(c1occc1)nn2,12.326159286983469
CC(=C)c2nnc(N)nn2,22.340575417989356
c1ccccc1C#Cc2nnc(Cl)nn2,13.9633302679877
c1cc(OC)ccc1c2nnc(NC)nn2,21.471475453079105
CC(=O)Nc2nnc(c1ccccc1)nn2,14.398194005102546
CC(=O)c2nnc(C(F)(F)F)nn2,8.429328397048506
FCc2nnc(N)nn2,20.140528864015128
CSc2nnc(c1ccccc1)nn2,16.554942438007743
c1ncncc1c2nncnn2,13.122468208041827
c1cc(C(=O)OC)ccc1c2nnc(C(F)F)nn2,11.67166740006643
c1ncncc1c2nnc(c1ncccn1)nn2,11.985421899987672
c1cc(C(=O)[O-])ccc1c2nnc(C(=O)N)nn2,12.267173440989714
C=Cc2nnc(C#C)nn2,14.858785611009758
c1cc(C(=O)O)ccc1c2nncnn2,13.61318024594433
c1(NC)ccccc1c2nnc(C#Cc1ccccc1)nn2,15.320632235056479
COc2nnc(F)nn2,15.030723077003694
c1ccccc1/C=C/c2nnc(C#Cc1ccccc1)nn2,15.98014419403218
s1cccc1c2nnc(C#C)nn2,14.91212387601777
c1cc(N(=O)=O)ccc1c2nnc(c1occc1)nn2,14.192371053051483
c1cnccc1c2nnc(c1ccccc1)nn2,13.827788324044553
c1cc([O-])ccc1c2nnc(C(=O)C)nn2,17.353761395059767
c1(NC)ccccc1c2nnc(c1ccc(O)cc1)nn2,16.20228237997071
FC(F)c2nnc(C(C)(C)C)nn2,16.883129645035226
c1cc(C(=O)N)ccc1c2nnc(C(F)(F)F)nn2,11.130754642005314
c1cc(N)ccc1c2nnc(c1ncccn1)nn2,15.309964582012071
c1cc(C(=O)[O-])ccc1c2nnc(C(=O)OC)nn2,11.611426536075847
c1(NC)ccccc1c2nnc(c1ccc(C(=O)N)cc1)nn2,15.049548346956165
c1cc(C(=O)OC)ccc1c2nnc(c1ccc(OC)cc1)nn2,15.114809283005416
Cc2nnc(C)nn2,17.887144045032883
o1cccc1c2nnc(c1cnccc1)nn2,14.817997525970059
c1cc(C(=O)O)ccc1c2nnc(SC)nn2,16.334059269994704
c1cc(C(=O)OC)ccc1c2nnc(I)nn2,14.536873493966434
s1cccc1c2nnc(I)nn2,15.833307087974871
CC(=O)Nc2nnc(c1ccc(C(F)(F)F)cc1)nn2,13.926307237009835
c1sccc1c2nnc(c1cc(O)ccc1)nn2,15.082178815087799
c1cc(OC)ccc1c2nnc(C(=O)N)nn2,12.875857170951065
n1cncnc1c2nnc(Br)nn2,11.698650286926966
FCc2nnc(c1ncncn1)nn2,11.438234052013739
c1cc(C(=O)[O-])ccc1c2nnc(c1ccc(C(=O)N)cc1)nn2,14.09573466701011
COc2nnc(c1cncnc1)nn2,15.68082240100316
COC(=O)c2nnc(c1ncncc1)nn2,8.915020363035024
c1ccccc1C#Cc2nnc(NC)nn2,21.487790687037915
O=N(=O)c2nnc(c1ccc(NC(=O)C)cc1)nn2,9.410752472996192
c1cc([O-])ccc1c2nnc(c1ncccn1)nn2,17.594724851022107
Nc2nncnn2,20.311211312012233
c1cc(C(=O)N)ccc1c2nnc(c1cocc1)nn2,15.014407842973547
c1sccc1c2nnc(C)nn2,16.527332042077454
CC(=C)c2nnc(c1ncccc1)nn2,13.557331945013994
COC(=C)c2nncnn2,12.525707149014703
c1cc(C(=O)[O-])ccc1c2nnc(NC(=O)C)nn2,13.337703794926446
COc2nncnn2,16.438225764017066
c1cc(O)ccc1c2nnc(N(C)C)nn2,22.369440831952147
CC(=C)c2nnc(c1ncncc1)nn2,12.910370166006606
CC(=O)c2nnc(C(OC)=C)nn2,10.385273949961306
c1cc(N)ccc1c2nnc(c1cc(O)ccc1)nn2,16.507879262983888
CC(=C)c2nnc(C)nn2,16.364179701989997
CNc2nnc(c1ccccc1)nn2,20.68018660400807
c1ccncc1c2nnc(c1cnccc1)nn2,14.056829109108335
CC(C)c2nnc(C)nn2,17.675046003033334
c1(NC)ccccc1c2nnc(C(=O)N)nn2,12.788633420028605
n1cncnc1c2nnc(c1cnccc1)nn2,11.822897068969972
COc2nnc(C(F)F)nn2,14.760894206971551
c1ccccc1/C=C/c2nnc(I)nn2,16.21232252408804
COC(=O)c2nnc(CF)nn2,10.365821171010419
c1c(O)cccc1c2nnc(c1c(O)cccc1)nn2,14.346110758020025
c1cc(C(=O)N)ccc1c2nnc(c1ccc(C(=O)N)cc1)nn2,13.440615271094657
c1ncncc1c2nnc(Br)nn2,13.276835422008785
o1cccc1c2nnc(c1occc1)nn2,15.234035992989755
O=N(=O)c2nnc(c1ncncc1)nn2,6.472755334994613
O=N(=O)c2nnc(/C=C/c1ccccc1)nn2,9.999983423935317
c1cc(C(=O)[O-])ccc1c2nnc(C=C)nn2,15.820756908077897
c1cc(N(=O)=O)ccc1c2nnc(N(=O)=O)nn2,7.686985249996576
O=N(=O)c2nnc(c1cocc1)nn2,9.097625481930688
c1occc1c2nnc(c1cocc1)nn2,16.064857909032316
CC(=O)Nc2nnc(c1ccncc1)nn2,13.53474162099969
c1cc([O-])ccc1c2nnc(c1cc(O)ccc1)nn2,18.30318251201691
COC(=O)c2nnc(I)nn2,11.506632532983728
FC(F)(F)c2nnc(c1c(O)cccc1)nn2,11.62836927903307
c1ccccc1/C=C/c2nnc(C(F)(F)F)nn2,13.04653961894817
c1occc1c2nnc(C#Cc1ccccc1)nn2,15.36832291900741
CC(=O)c2nnc(c1ncccn1)nn2,10.161253237027527
CC(=O)Nc2nnc(c1ccc(OC)cc1)nn2,14.665512838998348
O=N(=O)c2nnc(c1cncnc1)nn2,7.7353034429459235
c1cccnc1c2nnc(I)nn2,13.672166092009425
c1cc(C(F)(F)F)ccc1c2nnc(c1ncccn1)nn2,12.334316903962872
c1cc(C(=O)[O-])ccc1c2nnc(c1cnccc1)nn2,14.364936028043836
c1cc(N)ccc1c2nnc(c1ccc(N)cc1)nn2,18.482022576993423
COC(=C)c2nnc(C=C)nn2,13.965840303981363
COC(=O)c2nnc(OC)nn2,13.753742262017482
COc2nnc(N(C)C)nn2,21.836058182014696
c1cc(C(=O)[O-])ccc1c2nnc(c1cscc1)nn2,15.336947469015286
CC(=O)Nc2nnc(c1ccc(N)cc1)nn2,15.384010643967803
COC(=O)c2nnc(C(C)(C)C)nn2,16.65973644102852
c1cc(N(=O)=O)ccc1c2nncnn2,13.175178963980084
c1cc(NC(=O)C)ccc1c2nnc(C(F)F)nn2,13.02332178600679
CSc2nnc(c1cc(O)ccc1)nn2,16.79088582198276
c1cc(C(=O)OC)ccc1c2nnc(C=C)nn2,15.334437432950285
c1cc(C(=O)[O-])ccc1c2nnc(C(F)F)nn2,12.390165205035887
c1cccnc1c2nnc(Br)nn2,12.81122374390023
c1cc(N)ccc1c2nnc(c1ccccc1)nn2,16.743195137960488
CSc2nnc(c1cncnc1)nn2,15.77808629604295
c1cc(C(F)(F)F)ccc1c2nnc(Cl)nn2,13.16702134692934
O=N(=O)c2nnc(c1ncncn1)nn2,6.075542137998727
CSc2nnc(N)nn2,22.852622762016342
c2nncnn2,13.827160815010467
O=N(=O)c2nnc(c1cc(O)ccc1)nn2,8.634523839958474
c1cc(C(=O)[O-])ccc1c2nnc(c1ccc(NC(=O)C)cc1)nn2,18.746203865897144
c1cc(C(=O)OC)ccc1c2nnc(N(=O)=O)nn2,8.128751586022656
c1cc(C(F)(F)F)ccc1c2nnc(C(C)C)nn2,15.347615122059693
C#Cc2nnc(c1ncncc1)nn2,11.882510423962142
COC(=C)c2nnc(c1cncnc1)nn2,12.23579799092625
c1ccccc1/C=C/c2nnc(c1ncccc1)nn2,14.50236049891089
c1cc(C(=O)O)ccc1c2nnc(C=C)nn2,15.063981053991066
c1ccccc1/C=C/c2nnc(N(C)C)nn2,22.795519442946496
c1cc(C(=O)[O-])ccc1c2nnc(C(=O)C)nn2,12.132886515043397
NC(=O)c2nnc(Cl)nn2,10.961954721003456
NC(=O)c2nnc(c1ncncn1)nn2,9.126490896000488
O=N(=O)c2nnc(C(C)=C)nn2,8.452546229989887
COC(=C)c2nnc(C)nn2,14.974247267003603
c1sccc1c2nnc(c1cncnc1)nn2,14.233159138019843
c1cc(N)ccc1c2nnc(SC)nn2,18.044648803956253
CSc2nnc(C=C)nn2,17.502481027969644
c1cc([O-])ccc1c2nnc(c1cnccc1)nn2,18.63011470104756
c1(O)ccccc1c2nnc(C)nn2,16.056072783054496
c1cc(OC)ccc1c2nnc(C(=O)OC)nn2,12.260898350934218
C=Cc2nnc(c1ccncc1)nn2,14.660492767011021
c1occc1c2nnc(C(OC)=C)nn2,13.93571987205741
s1cccc1c2nnc(C)nn2,16.748215210090493
c1cc(OC)ccc1c2nnc(c1ncncc1)nn2,13.616945300006163
c1ccccc1C#Cc2nncnn2,13.804570491031832
FCc2nnc(Br)nn2,12.98253370096709
c1ccccc1C#Cc2nnc(C=C)nn2,15.532102768021943
c1cc(C(=O)O)ccc1c2nnc(C(F)F)nn2,11.78838407398577
c1ccccc1/C=C/c2nnc(c1ccccc1)nn2,15.773066223984285
CSc2nnc(OC)nn2,17.936717256014735
c1ccccc1C#Cc2nnc(c1cc(O)ccc1)nn2,14.60715450200301
NC(=O)c2nnc(c1cocc1)nn2,12.513784478009136
COc2nnc(c1ncccc1)nn2,15.340085014007364
FC(F)c2nnc(NC)nn2,19.057448330038742
c1c(O)cccc1c2nnc(F)nn2,13.043402074027432
c1cc(O)ccc1c2nnc(c1c(O)cccc1)nn2,15.38275562604231
FC(F)c2nnc(c1ncccn1)nn2,10.542151199993265
c1cc(N)ccc1c2nnc(NC)nn2,21.929557022992654
o1cccc1c2nnc(Cl)nn2,13.952662615014633
NC(=O)c2nnc(N(C)C)nn2,19.286489115031184
c1cc(N)ccc1c2nnc(C#Cc1ccccc1)nn2,17.06698978199906
NC(=O)c2nnc(c1cscc1)nn2,12.200657487014972
c1cc([O-])ccc1c2nnc(c1ccc(C(=O)OC)cc1)nn2,18.35714828602334
C#Cc2nnc(C(F)(F)F)nn2,10.588586866018707
COC(=C)c2nnc(c1c(O)cccc1)nn2,13.096112830037029
CC(=O)Nc2nnc(c1ccc(O)cc1)nn2,14.849372976033521
c1cc(N(=O)=O)ccc1c2nnc(Cl)nn2,12.896564968112802
C=Cc2nnc(c1ncccn1)nn2,13.951407597017802
CC(=O)Nc2nnc(Cl)nn2,13.524073967955283
o1cccc1c2nnc(C)nn2,16.27256338800729
c1ncncc1c2nnc(c1ncccc1)nn2,12.433463325926569
Clc2nnc(CC)nn2,14.865060700993915
c1ccccc1/C=C/c2nnc(c1cnccc1)nn2,15.65321200500153
FCc2nnc(c1cnccc1)nn2,13.09297528497361
c1ccccc1/C=C/c2nnc(c1ncncc1)nn2,13.968350339975025
c1(O)ccccc1c2nncnn2,13.877361534990731
c1occc1c2nnc(NC)nn2,21.663493207022345
FC(F)c2nnc(CC)nn2,13.658360893972938
CC(=O)Nc2nncnn2,14.012275969971133
c1cc(OC)ccc1c2nnc(C(C)=C)nn2,15.767418642998544
c1(NC)ccccc1c2nnc(/C=C/c1ccccc1)nn2,16.79527838504301
CC(=C)c2nnc(Cl)nn2,13.839083486087375
c1cc(OC)ccc1c2nnc(c1ncncn1)nn2,13.466343139958362
c1(NC)ccccc1c2nnc(N)nn2,22.403326318009274
c1cc(C(=O)OC)ccc1c2nnc(/C=C/c1ccccc1)nn2,15.604893811980842
CC(=O)c2nnc(I)nn2,12.22262030203086
c1cc(N)ccc1c2nnc(C=C)nn2,17.47110557804886
c1cc(C(F)(F)F)ccc1c2nnc(C(=O)N)nn2,11.15459998408779
o1cccc1c2nnc(c1sccc1)nn2,15.631876698984057
c1ccccc1/C=C/c2nnc(c1ccncc1)nn2,15.245958663959653
CC(=O)c2nnc(c1ncncc1)nn2,9.789767909038023
c1cnccc1c2nnc(I)nn2,14.164133148051437
s1cccc1c2nnc(c1ccncc1)nn2,14.643550023982458
n1cncnc1c2nnc(c1ncccc1)nn2,10.925559198952667
n1cccnc1c2nnc(c1cnccc1)nn2,12.550179999917246
c1cc(C(F)(F)F)ccc1c2nnc(c1ncncc1)nn2,11.910748328962187
c1ccncc1c2nnc(F)nn2,12.686976961999905
O=N(=O)c2nnc(c1occc1)nn2,9.088840356024209
FC(F)c2nnc(c1ccc(O)cc1)nn2,13.325153615029473
c1sccc1c2nnc(/C=C/c1ccccc1)nn2,16.231775303038926
CSc2nnc(NC)nn2,22.18871823998039
Brc2nnc(Br)nn2,13.268677805386078
s1cccc1c2nnc(C=C)nn2,16.19098721799923
CNc2nnc(c1cncnc1)nn2,20.140528864015128
CSc2nnc(C#C)nn2,16.071760507943548
c1(NC)ccccc1c2nnc(C(F)(F)F)nn2,12.519432058994877
c1ccncc1c2nnc(CC)nn2,14.954794487981376
c1c(O)cccc1c2nnc(c1ncccn1)nn2,12.897819985966953
c1cc(OC)ccc1c2nnc(c1ccc(N)cc1)nn2,17.378234245997977
c1ccccc1C#Cc2nnc(c1cncnc1)nn2,13.721111793957187
c1c(O)cccc1c2nnc(N)nn2,21.79338757005109
c1cnccc1c2nnc(c1ncccc1)nn2,12.400832858080292
c1cc(C(=O)N)ccc1c2nnc(c1ccc(O)cc1)nn2,15.167520038943673
c1occc1c2nnc(/C=C/c1ccccc1)nn2,16.53925471297601
CNc2nnc(Cl)nn2,19.745825703012905
